# validation,all_test,test age 18-25,test age 26-48,test age 49-80,test female,test male
8.970350404312668058e-01 9.089390142021720465e-01 9.192825112107623209e-01 9.059974478945129750e-01 9.022988505747125965e-01 9.184272300469483730e-01 8.999464954521134707e-01
